N,boundary,dimension,E0,e0,residual,norm_error,repeat_delta
4,OBC,6,-1.6160254037844384,-0.4040063509461096,5.095246377785861e-16,1.1102230246251565e-16,4.440892098500626e-16
4,PBC,6,-2.0000000000000004,-0.5000000000000001,4.965068306494546e-16,0.0,4.440892098500626e-16
6,OBC,20,-2.493577133887926,-0.41559618898132095,1.7765770543165174e-15,0.0,8.881784197001252e-16
6,PBC,20,-2.8027756377319935,-0.46712927295533224,1.6905857084071953e-15,0.0,1.7763568394002505e-15
8,OBC,70,-3.3749325986878866,-0.42186657483598583,9.3509462700195e-12,4.440892098500626e-16,2.6645352591003757e-15
8,PBC,70,-3.6510934089371747,-0.45638667611714684,8.892342245331048e-14,2.220446049250313e-16,0.0
10,OBC,252,-4.258035207282888,-0.4258035207282888,3.1791362974346944e-12,4.440892098500626e-16,1.7763568394002505e-15
10,PBC,252,-4.515446354492044,-0.45154463544920437,7.256989340508265e-14,4.440892098500626e-16,8.881784197001252e-16
12,OBC,924,-5.142090632840531,-0.4285075527367109,6.40636654103615e-13,0.0,0.0
12,PBC,924,-5.387390917445205,-0.44894924312043377,4.4890046194334776e-14,0.0,4.440892098500626e-15
14,OBC,3432,-6.026724661862163,-0.4304803329901545,1.7232402770714232e-12,4.440892098500626e-16,1.0658141036401503e-14
14,PBC,3432,-6.263549533547037,-0.4473963952533598,5.4955692077289745e-11,0.0,1.7763568394002505e-15
16,OBC,12870,-6.911737145575099,-0.4319835715984437,3.049550803880036e-12,7.771561172376096e-16,7.105427357601002e-15
16,PBC,12870,-7.142296360616786,-0.44639352253854914,1.1512226274209667e-11,0.0,1.0658141036401503e-14
